X,Y,Z,SPEED,ANGLE_CAM,ANGLE_BEETLE,TIME,ACCELERATION,MAP_ANGLE
-134.71278,38.772755,-593.32623,407.0,0.0,0.0,900.0,0.0,0.0
-134.71278,38.772755,-593.32623,407.0,0.0,0.0,932.0,0.0,0.0
-134.71278,38.772755,-593.32623,0.0,0.0,0.0,963.0,0.0,0.0
-134.71278,38.772755,-593.32623,0.0,0.0,0.0,995.0,0.0,0.0
-134.71278,38.772755,-593.32623,0.0,0.0,0.0,1027.0,0.0,0.0
-134.71278,38.772755,-593.32623,0.0,0.0,0.0,1058.0,0.0,0.0
-134.71278,38.772755,-593.32623,0.0,0.0,0.0,1090.0,0.0,0.0
-134.71278,38.772755,-593.32623,0.0,0.0,0.0,1121.0,0.0,0.0
-134.71278,38.772755,-593.32623,0.0,0.0,0.0,1153.0,0.0,0.0
-134.71278,38.772755,-593.32623,0.0,0.0,0.0,1184.0,0.0,0.0
-134.71278,38.772755,-593.32623,0.0,0.0,0.0,1216.0,0.0,0.0
-134.71278,38.772755,-593.32623,0.0,0.0,0.0,1247.0,0.0,0.0
-134.71278,38.772755,-593.32623,0.0,0.0,0.0,1279.0,0.0,0.0
-134.71278,38.772755,-593.32623,0.0,0.0,0.0,1310.0,0.0,0.0
-134.71278,38.772755,-593.32623,0.0,0.0,0.0,1342.0,0.0,0.0
-134.71278,38.772755,-593.32623,0.0,0.0,0.0,1373.0,0.0,0.0
-134.71278,38.772755,-593.32623,0.0,0.0,0.0,1405.0,0.0,0.0
-134.71278,38.772755,-593.32623,0.0,0.0,0.0,1436.0,0.0,0.0
-134.71278,38.772755,-593.32623,0.0,0.0,0.0,1468.0,0.0,0.0
-134.71278,38.772755,-593.32623,0.0,0.0,0.0,1500.0,0.0,0.0
-134.71278,38.772755,-593.32623,0.0,0.0,0.0,1532.0,0.0,0.0
-134.71278,38.772755,-593.32623,0.0,0.0,0.0,1563.0,0.0,0.0
-134.63269,40.65823,-592.92474,116.0,0.0,0.0,1595.0,0.0,0.0
-134.63269,40.99308,-592.92474,116.0,0.0,0.0,1626.0,0.0,0.0
-134.63269,40.99308,-592.92474,20.0,0.0,0.0,1658.0,0.0,0.0
-134.63269,41.275097,-592.92474,16.0,0.0,0.0,1689.0,0.0,0.0
-134.63269,41.504284,-592.92474,16.0,0.0,0.0,1721.0,0.0,0.0
-134.63269,41.680634,-592.92474,13.0,0.0,0.0,1752.0,0.0,0.0
-134.63269,41.680634,-592.92474,10.0,0.0,0.0,1784.0,0.0,0.0
-134.63269,41.804157,-592.92474,7.0,0.0,0.0,1816.0,0.0,0.0
-134.63269,41.874847,-592.92474,4.0,0.0,0.0,1847.0,0.0,0.0
-134.63269,41.892704,-592.92474,1.0,0.0,0.0,1879.0,0.0,0.0
-134.63269,41.857727,-592.92474,2.0,0.0,0.0,1910.0,0.0,0.0
-134.63269,41.76992,-592.92474,5.0,0.0,0.0,1942.0,0.0,0.0
-134.63269,41.76992,-592.92474,5.0,0.0,0.0,1973.0,0.0,0.0
-134.63269,41.62928,-592.92474,8.0,0.0,0.0,2005.0,0.0,0.0
-134.63269,41.43581,-592.92474,11.0,0.0,0.0,2036.0,0.0,0.0
-134.63269,41.43581,-592.92474,11.0,0.0,0.0,2068.0,0.0,0.0
-134.63269,41.189503,-592.92474,14.0,0.0,0.0,2099.0,0.0,0.0
-134.63269,40.89037,-592.92474,17.0,0.0,0.0,2131.0,0.0,0.0
-134.63269,40.538403,-592.92474,21.0,0.0,0.0,2162.0,0.0,0.0
-134.63269,40.133602,-592.92474,24.0,0.0,0.0,2194.0,0.0,0.0
-134.63269,39.67597,-592.92474,27.0,0.0,0.0,2225.0,0.0,0.0
-134.63269,39.67597,-592.92474,27.0,0.0,0.0,2257.0,0.0,0.0
-134.63269,39.165504,-592.92474,30.0,0.0,0.0,2288.0,0.0,0.0
-134.6259,38.674103,-592.9063,30.0,0.0,0.0,2320.0,0.0,0.0
-134.6259,38.674103,-592.9063,29.0,0.0,0.0,2351.0,0.0,0.0
-134.6259,38.674103,-592.9063,0.0,0.0,0.0,2383.0,0.0,0.0
-134.6259,38.674103,-592.9063,0.0,0.0,0.0,2415.0,0.0,0.0
-134.6259,38.674103,-592.9063,0.0,0.0,0.0,2446.0,0.0,0.0
-134.6259,38.674103,-592.9063,0.0,0.0,0.0,2478.0,0.0,0.0
-134.6259,38.674103,-592.9063,0.0,0.0,0.0,2509.0,0.0,0.0
-134.6259,38.674103,-592.9063,0.0,0.0,0.0,2541.0,0.0,0.0
-134.6259,38.674103,-592.9063,0.0,0.0,0.0,2573.0,0.0,0.0
-134.6259,38.674103,-592.9063,0.0,0.0,0.0,2604.0,0.0,0.0
-134.6259,38.674103,-592.9063,0.0,0.0,0.0,2636.0,0.0,0.0
-134.6259,38.674103,-592.9063,0.0,0.0,0.0,2667.0,0.0,0.0
-134.6259,38.674103,-592.9063,0.0,0.0,0.0,2699.0,0.0,0.0
-134.6259,38.674103,-592.9063,0.0,0.0,0.0,2730.0,0.0,0.0
-134.6259,38.674103,-592.9063,0.0,0.0,0.0,2762.0,0.0,0.0
-134.6259,38.674103,-592.9063,0.0,0.0,0.0,2793.0,0.0,0.0
-134.6259,38.674103,-592.9063,0.0,0.0,0.0,2825.0,0.0,0.0
-134.6259,38.674103,-592.9063,0.0,0.0,0.0,2857.0,0.0,0.0
-134.6259,38.674103,-592.9063,0.0,0.0,0.0,2888.0,0.0,0.0
-134.6259,38.674103,-592.9063,0.0,0.0,0.0,2920.0,0.0,0.0
-134.6259,38.674103,-592.9063,0.0,0.0,0.0,2951.0,0.0,0.0
-134.6259,38.674103,-592.9063,0.0,0.0,0.0,2983.0,0.0,0.0
-134.6259,38.674103,-592.9063,0.0,0.0,0.0,3014.0,0.0,0.0
-134.6259,38.674103,-592.9063,0.0,0.0,0.0,3046.0,0.0,0.0
-134.6259,38.674103,-592.9063,0.0,0.0,0.0,3077.0,0.0,0.0
-134.6259,38.674103,-592.9063,0.0,0.0,0.0,3125.0,0.0,0.0
-134.6259,38.674103,-592.9063,0.0,0.0,0.0,3826.0,0.0,0.0
-134.6259,38.674103,-592.9063,0.0,0.0,0.0,3858.0,0.0,0.0
-134.6259,38.674103,-592.9063,0.0,0.0,0.0,3890.0,0.0,0.0
-134.6259,38.674103,-592.9063,0.0,0.0,0.0,3922.0,0.0,0.0
-134.6259,38.674103,-592.9063,0.0,0.0,0.0,3953.0,0.0,0.0
-134.6259,38.674103,-592.9063,0.0,0.0,0.0,3985.0,0.0,0.0
-134.6259,38.674103,-592.9063,0.0,0.0,0.0,4017.0,0.0,0.0
-134.6259,38.674103,-592.9063,0.0,0.0,0.0,4049.0,0.0,0.0
-134.6259,38.674103,-592.9063,0.0,0.0,0.0,4080.0,0.0,0.0
-134.6259,38.674103,-592.9063,0.0,0.0,0.0,4112.0,0.0,0.0
-134.6259,38.674103,-592.9063,0.0,0.0,0.0,4143.0,0.0,0.0
-134.6259,38.674103,-592.9063,0.0,0.0,0.0,4175.0,0.0,0.0
-134.6259,38.674103,-592.9063,0.0,0.0,0.0,4207.0,0.0,0.0
-134.6259,38.674103,-592.9063,0.0,0.0,0.0,4239.0,0.0,0.0
-134.6259,38.674103,-592.9063,0.0,0.0,0.0,4271.0,0.0,0.0
-134.6259,38.674103,-592.9063,0.0,0.0,0.0,4302.0,0.0,0.0
-134.6259,38.674103,-592.9063,0.0,0.0,0.0,4334.0,0.0,0.0
-134.6259,38.674103,-592.9063,0.0,0.0,0.0,4366.0,0.0,0.0
-134.6259,38.674103,-592.9063,0.0,0.0,0.0,4397.0,0.0,0.0
-134.6259,38.674103,-592.9063,0.0,0.0,0.0,4429.0,0.0,0.0
-134.6259,38.674103,-592.9063,0.0,0.0,0.0,4461.0,0.0,0.0
-134.6259,38.674103,-592.9063,0.0,0.0,0.0,4493.0,0.0,0.0
-134.6259,38.674103,-592.9063,0.0,0.0,0.0,4524.0,0.0,0.0
-134.6259,38.674103,-592.9063,0.0,0.0,0.0,4556.0,0.0,0.0
-134.6259,38.674103,-592.9063,0.0,0.0,0.0,4588.0,0.0,0.0
-134.6259,38.674103,-592.9063,0.0,0.0,0.0,4620.0,0.0,0.0
-134.6259,38.674103,-592.9063,0.0,0.0,0.0,4650.0,0.0,0.0
-134.6259,38.674103,-592.9063,0.0,0.0,0.0,4684.0,0.0,0.0
-134.6259,38.674103,-592.9063,0.0,0.0,0.0,4716.0,0.0,0.0
-134.6259,38.674103,-592.9063,0.0,0.0,0.0,4748.0,0.0,0.0
-134.6259,38.674103,-592.9063,0.0,0.0,0.0,4780.0,0.0,0.0
-134.6259,38.674103,-592.9063,0.0,0.0,0.0,4812.0,0.0,0.0
-134.6259,38.674103,-592.9063,0.0,0.0,0.0,4844.0,0.0,0.0
-134.6259,38.674103,-592.9063,0.0,0.0,0.0,4876.0,0.0,0.0
-134.6259,38.674103,-592.9063,0.0,0.0,0.0,4907.0,0.0,0.0
-134.6259,38.674103,-592.9063,0.0,0.0,0.0,4939.0,0.0,0.0
-134.6259,38.674103,-592.9063,0.0,0.0,0.0,4970.0,0.0,0.0
-134.6259,38.674103,-592.9063,0.0,0.0,0.0,5002.0,0.0,0.0
-134.6259,38.674103,-592.9063,0.0,0.0,0.0,5033.0,0.0,0.0
-134.6259,38.674103,-592.9063,0.0,0.0,0.0,5065.0,0.0,0.0
-134.6259,38.674103,-592.9063,0.0,0.0,0.0,5096.0,0.0,0.0
-134.6259,38.674103,-592.9063,0.0,0.0,0.0,5128.0,0.0,0.0
-134.6259,38.674103,-592.9063,0.0,0.0,0.0,5160.0,0.0,0.0
-134.6259,38.674103,-592.9063,0.0,0.0,0.0,5191.0,0.0,0.0
-134.6259,38.674103,-592.9063,0.0,0.0,0.0,5223.0,0.0,0.0
-134.6259,38.674103,-592.9063,0.0,0.0,0.0,5254.0,0.0,0.0
-134.6259,38.674103,-592.9063,0.0,0.0,0.0,5286.0,0.0,0.0
-134.6259,38.674103,-592.9063,0.0,0.0,0.0,5318.0,0.0,0.0
-134.6259,38.674103,-592.9063,0.0,0.0,0.0,5349.0,0.0,0.0
-134.6259,38.674103,-592.9063,0.0,0.0,0.0,5381.0,0.0,0.0
-134.6259,38.674103,-592.9063,0.0,0.0,0.0,5412.0,0.0,0.0
-134.6259,38.674103,-592.9063,0.0,0.0,0.0,5444.0,0.0,0.0
-134.6259,38.674103,-592.9063,0.0,0.0,0.0,5475.0,0.0,0.0
-134.6259,38.674103,-592.9063,0.0,0.0,0.0,5507.0,0.0,0.0
-134.6259,38.674103,-592.9063,0.0,0.0,0.0,5538.0,0.0,0.0
-134.6259,38.674103,-592.9063,0.0,0.0,0.0,5570.0,0.0,0.0
-134.6259,38.674103,-592.9063,0.0,0.0,0.0,5602.0,0.0,0.0
-134.6259,38.674103,-592.9063,0.0,0.0,0.0,5633.0,0.0,0.0
-134.6259,38.674103,-592.9063,0.0,0.0,0.0,5665.0,0.0,0.0
-134.6259,38.674103,-592.9063,0.0,0.0,0.0,5696.0,0.0,0.0
-134.6259,38.674103,-592.9063,0.0,0.0,0.0,5728.0,0.0,0.0
-134.6259,38.674103,-592.9063,0.0,0.0,0.0,5759.0,0.0,0.0
-134.6259,38.674103,-592.9063,0.0,0.0,0.0,5791.0,0.0,0.0
-134.6259,38.674103,-592.9063,0.0,0.0,0.0,5823.0,0.0,0.0
-134.6259,38.674103,-592.9063,0.0,0.0,0.0,5855.0,0.0,0.0
-134.6259,38.674103,-592.9063,0.0,0.0,0.0,5885.0,0.0,0.0
-134.6259,38.674103,-592.9063,0.0,0.0,0.0,5918.0,0.0,0.0
-134.6259,38.674103,-592.9063,0.0,0.0,0.0,5949.0,0.0,0.0
-134.6259,38.674103,-592.9063,0.0,0.0,0.0,5981.0,0.0,0.0
-134.6259,38.674103,-592.9063,0.0,0.0,0.0,6013.0,0.0,0.0
-134.6259,38.674103,-592.9063,0.0,0.0,0.0,6045.0,0.0,0.0
-134.6259,38.674103,-592.9063,0.0,0.0,0.0,6076.0,0.0,0.0
-134.6259,38.674103,-592.9063,0.0,0.0,0.0,6108.0,0.0,0.0
-134.6259,38.674103,-592.9063,0.0,0.0,0.0,6140.0,0.0,0.0
-134.6259,38.674103,-592.9063,0.0,0.0,0.0,6171.0,0.0,0.0
-134.6259,38.674103,-592.9063,0.0,0.0,0.0,6203.0,0.0,0.0
-134.6259,38.674103,-592.9063,0.0,0.0,0.0,6235.0,0.0,0.0
-134.6259,38.674103,-592.9063,0.0,0.0,0.0,6266.0,0.0,0.0
-134.6259,38.674103,-592.9063,0.0,0.0,0.0,6298.0,0.0,0.0
-134.6259,38.674103,-592.9063,0.0,0.0,0.0,6330.0,0.0,0.0
-134.6259,38.674103,-592.9063,0.0,0.0,0.0,6361.0,0.0,0.0
-134.6259,38.674103,-592.9063,0.0,0.0,0.0,6392.0,0.0,0.0
-134.6259,38.674103,-592.9063,0.0,0.0,0.0,6424.0,0.0,0.0
-134.6259,38.674103,-592.9063,0.0,0.0,0.0,6456.0,0.0,0.0
-134.6259,38.674103,-592.9063,0.0,0.0,0.0,6487.0,0.0,0.0
-134.6259,38.674103,-592.9063,0.0,0.0,0.0,6519.0,0.0,0.0
-134.6259,38.674103,-592.9063,0.0,0.0,0.0,6550.0,0.0,0.0
-134.6259,38.674103,-592.9063,0.0,0.0,0.0,6581.0,0.0,0.0
-134.6259,38.674103,-592.9063,0.0,0.0,0.0,6613.0,0.0,0.0
-134.6259,38.674103,-592.9063,0.0,0.0,0.0,6644.0,0.0,0.0
-134.6259,38.674103,-592.9063,0.0,0.0,0.0,6675.0,0.0,0.0
-134.6259,38.674103,-592.9063,0.0,0.0,0.0,6707.0,0.0,0.0
-134.6259,38.674103,-592.9063,0.0,0.0,0.0,6738.0,0.0,0.0
-134.6259,38.674103,-592.9063,0.0,0.0,0.0,6769.0,0.0,0.0
-134.6259,38.674103,-592.9063,0.0,0.0,0.0,6801.0,0.0,0.0
-134.6259,38.674103,-592.9063,0.0,0.0,0.0,6832.0,0.0,0.0
-134.6259,38.674103,-592.9063,0.0,0.0,0.0,6863.0,0.0,0.0
-134.6259,38.674103,-592.9063,0.0,0.0,0.0,6895.0,0.0,0.0
-134.6259,38.674103,-592.9063,0.0,0.0,0.0,6926.0,0.0,0.0
-134.6259,38.674103,-592.9063,0.0,0.0,0.0,6957.0,0.0,0.0
-134.6259,38.674103,-592.9063,0.0,0.0,0.0,6989.0,0.0,0.0
-134.6259,38.674103,-592.9063,0.0,0.0,0.0,7020.0,0.0,0.0
-134.6259,38.674103,-592.9063,0.0,0.0,0.0,7052.0,0.0,0.0
-134.6259,38.674103,-592.9063,0.0,0.0,0.0,7083.0,0.0,0.0
-134.6259,38.674103,-592.9063,0.0,0.0,0.0,7114.0,0.0,0.0
-134.6259,38.674103,-592.9063,0.0,0.0,0.0,7146.0,0.0,0.0
-134.6259,38.674103,-592.9063,0.0,0.0,0.0,7177.0,0.0,0.0
-134.6259,38.674103,-592.9063,0.0,0.0,0.0,7209.0,0.0,0.0
-134.6259,38.674103,-592.9063,0.0,0.0,0.0,7241.0,0.0,0.0
-134.6259,38.674103,-592.9063,0.0,0.0,0.0,7272.0,0.0,0.0
-134.6259,38.674103,-592.9063,0.0,0.0,0.0,7304.0,0.0,0.0
-134.6259,38.674103,-592.9063,0.0,0.0,0.0,7336.0,0.0,0.0
-134.6259,38.674103,-592.9063,0.0,0.0,0.0,7367.0,0.0,0.0
-134.6259,38.674103,-592.9063,0.0,0.0,0.0,7399.0,0.0,0.0
-134.6259,38.674103,-592.9063,0.0,0.0,0.0,7431.0,0.0,0.0
-134.6259,38.674103,-592.9063,0.0,0.0,0.0,7462.0,0.0,0.0
-134.6259,38.674103,-592.9063,0.0,0.0,0.0,7494.0,0.0,0.0
-134.6259,38.674103,-592.9063,0.0,0.0,0.0,7526.0,0.0,0.0
-134.6259,38.674103,-592.9063,0.0,0.0,0.0,7557.0,0.0,0.0
-134.6259,38.674103,-592.9063,0.0,0.0,0.0,7589.0,0.0,0.0
-134.6259,38.674103,-592.9063,0.0,0.0,0.0,7621.0,0.0,0.0
-134.6259,38.674103,-592.9063,0.0,0.0,0.0,7652.0,0.0,0.0
-134.6259,38.674103,-592.9063,0.0,0.0,0.0,7684.0,0.0,0.0
-134.6259,38.674103,-592.9063,0.0,0.0,0.0,7715.0,0.0,0.0
-134.6259,38.674103,-592.9063,0.0,0.0,0.0,7747.0,0.0,0.0
-134.6259,38.674103,-592.9063,0.0,0.0,0.0,7779.0,0.0,0.0
-134.6259,38.674103,-592.9063,0.0,0.0,0.0,7810.0,0.0,0.0
-134.6259,38.674103,-592.9063,0.0,0.0,0.0,7842.0,0.0,0.0
-134.6259,38.674103,-592.9063,0.0,0.0,0.0,7873.0,0.0,0.0
-134.6259,38.674103,-592.9063,0.0,0.0,0.0,7905.0,0.0,0.0
-134.6259,38.674103,-592.9063,0.0,0.0,0.0,7937.0,0.0,0.0
-134.6259,38.674103,-592.9063,0.0,0.0,0.0,7968.0,0.0,0.0
-134.67934,38.60577,-592.6205,17.0,0.0,0.0,8000.0,0.0,0.0
-134.76665,38.5425,-592.3419,17.0,0.0,0.0,8031.0,0.0,0.0
-134.76665,38.5425,-592.3419,17.0,0.0,0.0,8063.0,0.0,0.0
-134.8961,38.491833,-592.0776,17.0,0.0,0.0,8095.0,0.0,0.0
-135.028,38.44211,-591.8143,17.0,0.0,0.0,8126.0,0.0,0.0
-135.1599,38.392387,-591.5509,17.0,0.0,0.0,8158.0,0.0,0.0
-135.28139,38.340595,-591.28296,17.0,0.0,0.0,8190.0,0.0,0.0
-135.40205,38.28865,-591.0148,17.0,0.0,0.0,8221.0,0.0,0.0
-135.40205,38.28865,-591.0148,17.0,0.0,0.0,8253.0,0.0,0.0
-135.52284,38.240067,-590.7459,17.0,0.0,0.0,8285.0,0.0,0.0
-135.64363,38.19148,-590.47705,17.0,0.0,0.0,8316.0,0.0,0.0
-135.64363,38.19148,-590.47705,17.0,0.0,0.0,8348.0,0.0,0.0
-135.61432,38.122715,-590.18787,17.0,0.0,0.0,8379.0,0.0,0.0
-135.58505,38.05351,-589.89874,17.0,0.0,0.0,8411.0,0.0,0.0
-135.55537,37.988327,-589.60876,17.0,0.0,0.0,8443.0,0.0,0.0
-135.5012,37.92151,-589.3227,17.0,0.0,0.0,8474.0,0.0,0.0
-135.40053,37.852676,-589.05005,17.0,0.0,0.0,8506.0,0.0,0.0
-135.40053,37.852676,-589.05005,17.0,0.0,0.0,8537.0,0.0,0.0
-135.28148,37.783615,-588.785,17.0,0.0,0.0,8569.0,0.0,0.0
-135.16243,37.71454,-588.51984,17.0,0.0,0.0,8601.0,0.0,0.0
-135.04338,37.645554,-588.2547,17.0,0.0,0.0,8632.0,0.0,0.0
-134.92433,37.57656,-587.9896,17.0,0.0,0.0,8664.0,0.0,0.0
-134.92433,37.57656,-587.9896,17.0,0.0,0.0,8696.0,0.0,0.0
-134.80528,37.50757,-587.7245,17.0,0.0,0.0,8727.0,0.0,0.0
-134.68623,37.43857,-587.4594,17.0,0.0,0.0,8759.0,0.0,0.0
-134.56685,37.37284,-587.1936,17.0,0.0,0.0,8791.0,0.0,0.0
-134.44748,37.307114,-586.9278,17.0,0.0,0.0,8822.0,0.0,0.0
-134.44748,37.307114,-586.9278,17.0,0.0,0.0,8854.0,0.0,0.0
-134.32812,37.24128,-586.662,17.0,0.0,0.0,8886.0,0.0,0.0
-134.20877,37.175346,-586.3962,17.0,0.0,0.0,8917.0,0.0,0.0
-134.08943,37.109364,-586.13043,17.0,0.0,0.0,8949.0,0.0,0.0
-134.08943,37.109364,-586.13043,17.0,0.0,0.0,8980.0,0.0,0.0
-133.97011,37.04338,-585.8647,17.0,0.0,0.0,9012.0,0.0,0.0
-133.85054,36.97996,-585.5984,17.0,0.0,0.0,9044.0,0.0,0.0
-133.73097,36.916542,-585.3321,17.0,0.0,0.0,9075.0,0.0,0.0
-133.61142,36.852913,-585.06586,17.0,0.0,0.0,9107.0,0.0,0.0
-133.49167,36.791634,-584.79913,17.0,0.0,0.0,9139.0,0.0,0.0
-133.49167,36.791634,-584.79913,17.0,0.0,0.0,9170.0,0.0,0.0
-133.37271,36.73035,-584.5321,17.0,0.0,0.0,9202.0,0.0,0.0
-133.25693,36.66905,-584.2637,17.0,0.0,0.0,9234.0,0.0,0.0
-133.14276,36.60749,-583.99457,17.0,0.0,0.0,9266.0,0.0,0.0
-133.14276,36.60749,-583.99457,17.0,0.0,0.0,9297.0,0.0,0.0
-133.03424,36.54595,-583.72314,17.0,0.0,0.0,9329.0,0.0,0.0
-132.92651,36.484413,-583.4514,17.0,0.0,0.0,9361.0,0.0,0.0
-132.81958,36.422882,-583.1794,17.0,0.0,0.0,9393.0,0.0,0.0
-132.71347,36.361355,-582.90704,17.0,0.0,0.0,9424.0,0.0,0.0
-132.60817,36.29983,-582.63434,17.0,0.0,0.0,9456.0,0.0,0.0
-132.60817,36.29983,-582.63434,17.0,0.0,0.0,9487.0,0.0,0.0
-132.65517,36.24937,-582.34375,17.0,0.0,0.0,9519.0,0.0,0.0
-132.70064,36.19873,-582.0529,17.0,0.0,0.0,9551.0,0.0,0.0
-132.70064,36.19873,-582.0529,17.0,0.0,0.0,9583.0,0.0,0.0
-132.7435,36.147816,-581.76166,17.0,0.0,0.0,9614.0,0.0,0.0
-132.78636,36.09689,-581.47046,17.0,0.0,0.0,9646.0,0.0,0.0
-132.82922,36.04596,-581.17926,17.0,0.0,0.0,9678.0,0.0,0.0
-132.87209,35.995026,-580.88806,14.0,0.0,0.0,9711.0,0.0,0.0
-132.91493,35.94377,-580.5969,14.0,0.0,0.0,9743.0,0.0,0.0
-132.91493,35.94377,-580.5969,14.0,0.0,0.0,9775.0,0.0,0.0
-132.95691,35.892426,-580.30566,17.0,0.0,0.0,9806.0,0.0,0.0
-132.9989,35.84108,-580.0144,17.0,0.0,0.0,9838.0,0.0,0.0
-132.9989,35.84108,-580.0144,17.0,0.0,0.0,9869.0,0.0,0.0
-133.04086,35.79013,-579.723,17.0,0.0,0.0,9901.0,0.0,0.0
-133.08286,35.73937,-579.4317,17.0,0.0,0.0,9933.0,0.0,0.0
-133.12485,35.688602,-579.1403,17.0,0.0,0.0,9965.0,0.0,0.0
-133.16771,35.63793,-578.84906,17.0,0.0,0.0,9996.0,0.0,0.0
-133.21318,35.587498,-578.5582,17.0,0.0,0.0,10028.0,0.0,0.0
-133.21318,35.587498,-578.5582,17.0,0.0,0.0,10059.0,0.0,0.0
-133.26645,35.537914,-578.2685,17.0,0.0,0.0,10091.0,0.0,0.0
-133.32489,35.488922,-577.9797,17.0,0.0,0.0,10123.0,0.0,0.0
-133.38591,35.44023,-577.69135,17.0,0.0,0.0,10154.0,0.0,0.0
-133.38591,35.44023,-577.69135,17.0,0.0,0.0,10186.0,0.0,0.0
-133.4521,35.39215,-577.40405,17.0,0.0,0.0,10218.0,0.0,0.0
-133.52084,35.343575,-577.11743,17.0,0.0,0.0,10249.0,0.0,0.0
-133.61667,35.298584,-576.83813,17.0,0.0,0.0,10281.0,0.0,0.0
-133.73398,35.256695,-576.56665,17.0,0.0,0.0,10313.0,0.0,0.0
-133.86816,35.217598,-576.3027,17.0,0.0,0.0,10344.0,0.0,0.0
-133.86816,35.217598,-576.3027,17.0,0.0,0.0,10376.0,0.0,0.0
-134.0203,35.181736,-576.0481,17.0,0.0,0.0,10407.0,0.0,0.0
-134.18002,35.147346,-575.79803,17.0,0.0,0.0,10440.0,0.0,0.0
-134.34583,35.1155,-575.55164,17.0,0.0,0.0,10471.0,0.0,0.0
-134.34583,35.1155,-575.55164,17.0,0.0,0.0,10503.0,0.0,0.0
-134.51457,35.084293,-575.3071,17.0,0.0,0.0,10535.0,0.0,0.0
-134.68542,35.051918,-575.0643,17.0,0.0,0.0,10566.0,0.0,0.0
-134.85846,35.020035,-574.8229,17.0,0.0,0.0,10598.0,0.0,0.0
-135.03223,34.988316,-574.582,17.0,0.0,0.0,10629.0,0.0,0.0
-135.03223,34.988316,-574.582,17.0,0.0,0.0,10661.0,0.0,0.0
-135.20744,34.956924,-574.3421,17.0,0.0,0.0,10693.0,0.0,0.0
-135.38268,34.925537,-574.10223,17.0,0.0,0.0,10725.0,0.0,0.0
-135.55789,34.894146,-573.86237,17.0,0.0,0.0,10756.0,0.0,0.0
-135.73311,34.862785,-573.6225,17.0,0.0,0.0,10788.0,0.0,0.0
-135.73311,34.862785,-573.6225,17.0,0.0,0.0,10819.0,0.0,0.0
-135.90834,34.83143,-573.3826,17.0,0.0,0.0,10851.0,0.0,0.0
-136.08356,35.21911,-573.14276,29.0,0.0,0.0,10883.0,0.0,0.0
-136.25877,35.55396,-572.90295,29.0,0.0,0.0,10914.0,0.0,0.0
-136.43431,35.835976,-572.6629,26.0,0.0,0.0,10946.0,0.0,0.0
-136.43431,35.835976,-572.6629,24.0,0.0,0.0,10977.0,0.0,0.0
-136.61067,36.065163,-572.4231,22.0,0.0,0.0,21.0,0.0,0.0
-136.78839,36.241512,-572.18396,22.0,0.0,0.0,52.0,0.0,0.0
-136.96817,36.365036,-571.946,20.0,0.0,0.0,84.0,0.0,0.0
-136.96817,36.365036,-571.946,19.0,0.0,0.0,116.0,0.0,0.0
-137.15051,36.435726,-571.7097,18.0,0.0,0.0,147.0,0.0,0.0
-137.33502,36.453583,-571.4748,18.0,0.0,0.0,179.0,0.0,0.0
-137.51299,36.418606,-571.2349,18.0,0.0,0.0,211.0,0.0,0.0
-137.67252,36.3308,-570.9824,18.0,0.0,0.0,243.0,0.0,0.0
-137.82022,36.19016,-570.72296,19.0,0.0,0.0,274.0,0.0,0.0
-137.82022,36.19016,-570.72296,19.0,0.0,0.0,306.0,0.0,0.0
-137.94275,35.99669,-570.4525,21.0,0.0,0.0,337.0,0.0,0.0
-138.03789,35.81157,-570.16455,21.0,0.0,0.0,369.0,0.0,0.0
-138.11885,35.77193,-569.8798,21.0,0.0,0.0,401.0,0.0,0.0
-138.19818,35.73916,-569.59375,17.0,0.0,0.0,432.0,0.0,0.0
-138.19818,35.73916,-569.59375,17.0,0.0,0.0,464.0,0.0,0.0
-138.27919,35.70685,-569.30804,17.0,0.0,0.0,496.0,0.0,0.0
-138.36028,35.674236,-569.0224,17.0,0.0,0.0,527.0,0.0,0.0
-138.4393,35.598614,-568.74445,17.0,0.0,0.0,559.0,0.0,0.0
-138.4393,35.598614,-568.74445,17.0,0.0,0.0,591.0,0.0,0.0
-138.52377,35.381474,-568.4482,22.0,0.0,0.0,622.0,0.0,0.0
-138.59645,35.26894,-568.1828,17.0,0.0,0.0,654.0,0.0,0.0
-138.67168,35.155994,-567.9166,17.0,0.0,0.0,686.0,0.0,0.0
-138.75336,34.884552,-567.6293,24.0,0.0,0.0,718.0,0.0,0.0
-138.83504,34.454617,-567.342,31.0,0.0,0.0,749.0,0.0,0.0
-138.83504,34.454617,-567.342,31.0,0.0,0.0,781.0,0.0,0.0
-138.91673,33.866177,-567.0546,39.0,0.0,0.0,813.0,0.0,0.0
-138.92294,33.71417,-566.63715,39.0,0.0,0.0,844.0,0.0,0.0
-138.92294,33.71417,-566.63715,26.0,0.0,0.0,876.0,0.0,0.0
-139.00246,33.662807,-566.3539,17.0,0.0,0.0,908.0,0.0,0.0
-139.08244,33.611523,-566.0707,17.0,0.0,0.0,939.0,0.0,0.0
-139.16293,33.560333,-565.78766,17.0,0.0,0.0,971.0,0.0,0.0
-139.24341,33.509144,-565.5046,17.0,0.0,0.0,1003.0,0.0,0.0
-139.32605,33.459007,-565.222,17.0,0.0,0.0,1034.0,0.0,0.0
-139.32605,33.459007,-565.222,17.0,0.0,0.0,1066.0,0.0,0.0
-139.41084,33.41036,-564.93976,17.0,0.0,0.0,1098.0,0.0,0.0
-139.49565,33.36171,-564.65753,17.0,0.0,0.0,1130.0,0.0,0.0
-139.58044,33.31306,-564.3753,17.0,0.0,0.0,1161.0,0.0,0.0
-139.58044,33.31306,-564.3753,17.0,0.0,0.0,1193.0,0.0,0.0
-139.66524,33.264412,-564.0931,17.0,0.0,0.0,1225.0,0.0,0.0
-139.75089,33.21592,-563.81104,17.0,0.0,0.0,1256.0,0.0,0.0
-139.83653,33.167427,-563.529,17.0,0.0,0.0,1288.0,0.0,0.0
-139.92204,33.115932,-563.2475,17.0,0.0,0.0,1319.0,0.0,0.0
-140.00754,33.06444,-562.96594,17.0,0.0,0.0,1351.0,0.0,0.0
-140.00754,33.06444,-562.96594,17.0,0.0,0.0,1382.0,0.0,0.0
-140.09338,33.024456,-562.6828,17.0,0.0,0.0,1414.0,0.0,0.0
-140.17924,33.412636,-562.3997,29.0,0.0,0.0,1446.0,0.0,0.0
-140.17924,33.412636,-562.3997,29.0,0.0,0.0,1477.0,0.0,0.0
-140.26624,33.747982,-562.11646,26.0,0.0,0.0,1509.0,0.0,0.0
-140.35693,34.0305,-561.834,24.0,0.0,0.0,1540.0,0.0,0.0
-140.45601,34.26018,-561.5544,22.0,0.0,0.0,1572.0,0.0,0.0
-140.56543,34.43703,-561.2785,22.0,0.0,0.0,1603.0,0.0,0.0
-140.6933,34.56105,-561.0115,20.0,0.0,0.0,1635.0,0.0,0.0
-140.6933,34.56105,-561.0115,19.0,0.0,0.0,1667.0,0.0,0.0
-140.84676,34.632236,-560.7588,18.0,0.0,0.0,1698.0,0.0,0.0
-141.03174,34.65059,-560.5262,18.0,0.0,0.0,1730.0,0.0,0.0
-141.23988,34.61611,-560.31213,18.0,0.0,0.0,1762.0,0.0,0.0
-141.23988,34.61611,-560.31213,18.0,0.0,0.0,1793.0,0.0,0.0
-141.47177,34.5288,-560.1241,18.0,0.0,0.0,1825.0,0.0,0.0
-141.72502,34.38866,-559.99054,19.0,0.0,0.0,1856.0,0.0,0.0
-141.99335,34.195686,-559.89996,20.0,0.0,0.0,1888.0,0.0,0.0
-142.26894,33.949883,-559.8468,22.0,0.0,0.0,1920.0,0.0,0.0
-142.54778,33.65124,-559.8235,24.0,0.0,0.0,1951.0,0.0,0.0
-142.54778,33.65124,-559.8235,24.0,0.0,0.0,1983.0,0.0,0.0
-142.82664,33.29977,-559.8261,26.0,0.0,0.0,2015.0,0.0,0.0
-143.102,32.89547,-559.8539,29.0,0.0,0.0,2046.0,0.0,0.0
-143.102,32.89547,-559.8539,29.0,0.0,0.0,2078.0,0.0,0.0
-143.31625,32.86131,-559.8233,13.0,0.0,0.0,2109.0,0.0,0.0
-143.51466,32.9284,-560.03625,17.0,0.0,0.0,2141.0,0.0,0.0
-143.67921,32.996414,-560.2761,17.0,0.0,0.0,2172.0,0.0,0.0
-143.82698,33.064384,-560.5267,17.0,0.0,0.0,2204.0,0.0,0.0
-144.06812,33.135693,-560.6842,17.0,0.0,0.0,2236.0,0.0,0.0
-144.06812,33.135693,-560.6842,17.0,0.0,0.0,2267.0,0.0,0.0
-144.30684,33.207623,-560.8487,17.0,0.0,0.0,2299.0,0.0,0.0
-144.53572,33.286797,-561.0212,17.0,0.0,0.0,2331.0,0.0,0.0
-144.53572,33.286797,-561.0212,17.0,0.0,0.0,2362.0,0.0,0.0
-144.76443,33.365643,-561.1964,17.0,0.0,0.0,2394.0,0.0,0.0
-144.99323,33.443977,-561.37177,17.0,0.0,0.0,2425.0,0.0,0.0
-145.22208,33.522,-561.5472,17.0,0.0,0.0,2457.0,0.0,0.0
-145.4618,33.59834,-561.7082,17.0,0.0,0.0,2489.0,0.0,0.0
-145.71062,33.672966,-561.8557,17.0,0.0,0.0,2520.0,0.0,0.0
-145.71062,33.672966,-561.8557,17.0,0.0,0.0,2552.0,0.0,0.0
-145.95805,33.74779,-562.0054,17.0,0.0,0.0,2583.0,0.0,0.0
-146.20457,33.822754,-562.1565,17.0,0.0,0.0,2615.0,0.0,0.0
-146.44717,33.90496,-562.30597,17.0,0.0,0.0,2647.0,0.0,0.0
-146.44717,33.90496,-562.30597,17.0,0.0,0.0,2678.0,0.0,0.0
-146.69003,33.98787,-562.45886,17.0,0.0,0.0,2710.0,0.0,0.0
-146.91896,34.072376,-562.6311,17.0,0.0,0.0,2741.0,0.0,0.0
-147.13536,34.157803,-562.8185,17.0,0.0,0.0,2773.0,0.0,0.0
-147.33713,34.24382,-563.02124,17.0,0.0,0.0,2805.0,0.0,0.0
-147.41025,34.321785,-563.3001,17.0,0.0,0.0,2836.0,0.0,0.0
-147.41025,34.321785,-563.3001,17.0,0.0,0.0,2868.0,0.0,0.0
-147.48093,34.403435,-563.5776,17.0,0.0,0.0,2900.0,0.0,0.0
-147.5496,34.484695,-563.8567,17.0,0.0,0.0,2931.0,0.0,0.0
-147.5496,34.484695,-563.8567,17.0,0.0,0.0,2963.0,0.0,0.0
-147.61832,34.565746,-564.13586,17.0,0.0,0.0,2994.0,0.0,0.0
-147.80582,34.65463,-564.3507,17.0,0.0,0.0,3026.0,0.0,0.0
-147.9875,34.743473,-564.5705,17.0,0.0,0.0,3057.0,0.0,0.0
-148.02957,34.820526,-564.856,17.0,0.0,0.0,3089.0,0.0,0.0
-148.06657,34.89677,-565.14246,17.0,0.0,0.0,3120.0,0.0,0.0
-148.06657,34.89677,-565.14246,17.0,0.0,0.0,3152.0,0.0,0.0
-148.10353,34.970985,-565.4298,17.0,0.0,0.0,3184.0,0.0,0.0
-148.14566,35.046623,-565.7157,17.0,0.0,0.0,3215.0,0.0,0.0
-148.19461,35.122616,-566.0004,17.0,0.0,0.0,3247.0,0.0,0.0
-148.19461,35.122616,-566.0004,17.0,0.0,0.0,3279.0,0.0,0.0
-148.28624,35.204647,-566.27264,17.0,0.0,0.0,3310.0,0.0,0.0
-148.39684,35.28872,-566.53705,17.0,0.0,0.0,3342.0,0.0,0.0
-148.52428,35.374306,-566.7933,17.0,0.0,0.0,3374.0,0.0,0.0
-148.67093,35.46124,-567.0385,17.0,0.0,0.0,3405.0,0.0,0.0
-148.82661,35.550797,-567.2764,17.0,0.0,0.0,3437.0,0.0,0.0
-148.82661,35.550797,-567.2764,17.0,0.0,0.0,3469.0,0.0,0.0
-148.99998,35.641235,-567.50226,17.0,0.0,0.0,3500.0,0.0,0.0
-149.27173,35.72221,-567.5961,17.0,0.0,0.0,3532.0,0.0,0.0
-149.5532,35.798424,-567.66077,17.0,0.0,0.0,3564.0,0.0,0.0
-149.5532,35.798424,-567.66077,17.0,0.0,0.0,3595.0,0.0,0.0
-149.83917,35.871292,-567.70703,17.0,0.0,0.0,3627.0,0.0,0.0
-150.12514,36.258995,-567.75323,29.0,0.0,0.0,3658.0,0.0,0.0
-150.2865,36.593864,-567.75275,22.0,0.0,0.0,3690.0,0.0,0.0
-150.30475,36.875904,-567.7002,22.0,0.0,0.0,3722.0,0.0,0.0
-150.30475,36.875904,-567.7002,17.0,0.0,0.0,3753.0,0.0,0.0
-150.36772,37.105114,-567.661,14.0,0.0,0.0,3785.0,0.0,0.0
-150.47614,37.281487,-567.63556,12.0,0.0,0.0,3816.0,0.0,0.0
-150.63095,37.40503,-567.6239,12.0,0.0,0.0,3848.0,0.0,0.0
-150.83371,37.475742,-567.62634,12.0,0.0,0.0,3880.0,0.0,0.0
-150.83371,37.475742,-567.62634,12.0,0.0,0.0,3911.0,0.0,0.0
-151.08716,37.49362,-567.6436,15.0,0.0,0.0,3943.0,0.0,0.0
-151.38188,37.458668,-567.6756,17.0,0.0,0.0,3974.0,0.0,0.0
-151.67561,37.408813,-567.708,18.0,0.0,0.0,4006.0,0.0,0.0
-151.97066,37.43332,-567.7477,18.0,0.0,0.0,4038.0,0.0,0.0
-151.97066,37.43332,-567.7477,17.0,0.0,0.0,4069.0,0.0,0.0
-152.2639,37.43332,-567.8102,18.0,0.0,0.0,4101.0,0.0,0.0
-152.554,37.274822,-567.88135,20.0,0.0,0.0,4132.0,0.0,0.0
-152.84209,36.957832,-567.96027,26.0,0.0,0.0,4164.0,0.0,0.0
-153.09023,36.659748,-568.00275,26.0,0.0,0.0,4196.0,0.0,0.0
-153.09023,36.659748,-568.00275,23.0,0.0,0.0,4228.0,0.0,0.0
-153.36787,36.73868,-568.0788,17.0,0.0,0.0,4259.0,0.0,0.0
-153.64449,36.816795,-568.16003,17.0,0.0,0.0,4291.0,0.0,0.0
-153.92105,36.896145,-568.2397,17.0,0.0,0.0,4322.0,0.0,0.0
-153.92105,36.896145,-568.2397,17.0,0.0,0.0,4354.0,0.0,0.0
-154.19812,36.97539,-568.31824,17.0,0.0,0.0,4386.0,0.0,0.0
-154.47519,37.054634,-568.39685,17.0,0.0,0.0,4417.0,0.0,0.0
-154.75226,37.133873,-568.4754,17.0,0.0,0.0,4449.0,0.0,0.0
-155.02933,37.213108,-568.554,17.0,0.0,0.0,4480.0,0.0,0.0
-155.02933,37.213108,-568.554,17.0,0.0,0.0,4512.0,0.0,0.0
-155.3064,37.292343,-568.63257,17.0,0.0,0.0,4543.0,0.0,0.0
-155.5824,37.372005,-568.7144,17.0,0.0,0.0,4575.0,0.0,0.0
-155.8573,37.45209,-568.7995,17.0,0.0,0.0,4607.0,0.0,0.0
-156.13164,37.53238,-568.8862,17.0,0.0,0.0,4638.0,0.0,0.0
-156.13164,37.53238,-568.8862,17.0,0.0,0.0,4670.0,0.0,0.0
-156.4041,37.613518,-568.9777,17.0,0.0,0.0,4701.0,0.0,0.0
-156.67633,37.694744,-569.07007,17.0,0.0,0.0,4733.0,0.0,0.0
-156.94856,37.775955,-569.16235,17.0,0.0,0.0,4765.0,0.0,0.0
-157.2208,37.85716,-569.2547,17.0,0.0,0.0,4796.0,0.0,0.0
-157.2208,37.85716,-569.2547,17.0,0.0,0.0,4828.0,0.0,0.0
-157.49269,37.938847,-569.3471,17.0,0.0,0.0,4859.0,0.0,0.0
-157.7648,38.020515,-569.4394,17.0,0.0,0.0,4891.0,0.0,0.0
-158.03691,38.102165,-569.5317,17.0,0.0,0.0,4922.0,0.0,0.0
-158.30902,38.183807,-569.62396,17.0,0.0,0.0,4954.0,0.0,0.0
-158.30902,38.183807,-569.62396,17.0,0.0,0.0,4986.0,0.0,0.0
-158.58115,38.265434,-569.7162,17.0,0.0,0.0,5017.0,0.0,0.0
-158.85245,38.34872,-569.8081,17.0,0.0,0.0,5049.0,0.0,0.0
-159.12415,38.43193,-569.9002,17.0,0.0,0.0,5080.0,0.0,0.0
-159.12415,38.43193,-569.9002,17.0,0.0,0.0,5112.0,0.0,0.0
-159.39586,38.51503,-569.9923,17.0,0.0,0.0,5144.0,0.0,0.0
-159.6676,38.598064,-570.0845,17.0,0.0,0.0,5175.0,0.0,0.0
-159.93935,38.681057,-570.1766,17.0,0.0,0.0,5207.0,0.0,0.0
-160.21109,39.06877,-570.26874,29.0,0.0,0.0,5239.0,0.0,0.0
-160.21109,39.06877,-570.26874,29.0,0.0,0.0,5270.0,0.0,0.0
-160.48285,39.403652,-570.36084,26.0,0.0,0.0,5302.0,0.0,0.0
-160.75676,39.685703,-570.4537,24.0,0.0,0.0,5333.0,0.0,0.0
-161.03273,39.91492,-570.54724,24.0,0.0,0.0,5365.0,0.0,0.0
-161.31067,40.09131,-570.64154,22.0,0.0,0.0,5397.0,0.0,0.0
-161.31067,40.09131,-570.64154,20.0,0.0,0.0,5428.0,0.0,0.0
-161.59042,40.214863,-570.7364,19.0,0.0,0.0,5460.0,0.0,0.0
-161.87183,40.285587,-570.8318,18.0,0.0,0.0,5491.0,0.0,0.0
-162.15459,40.303474,-570.9277,18.0,0.0,0.0,5523.0,0.0,0.0
-162.15459,40.303474,-570.9277,17.0,0.0,0.0,5555.0,0.0,0.0
-162.43625,40.282623,-571.02264,17.0,0.0,0.0,5586.0,0.0,0.0
-162.71764,40.31336,-571.11804,17.0,0.0,0.0,5618.0,0.0,0.0
-162.99901,40.344093,-571.21344,17.0,0.0,0.0,5649.0,0.0,0.0
-163.27989,40.33147,-571.3143,17.0,0.0,0.0,5681.0,0.0,0.0
-163.27989,40.33147,-571.3143,17.0,0.0,0.0,5713.0,0.0,0.0
-163.54831,40.31708,-571.4446,17.0,0.0,0.0,5744.0,0.0,0.0
-163.80013,40.144196,-571.60516,20.0,0.0,0.0,5776.0,0.0,0.0
-163.94576,40.026978,-571.77686,15.0,0.0,0.0,5808.0,0.0,0.0
-164.10284,40.120255,-572.0132,17.0,0.0,0.0,5839.0,0.0,0.0
-164.10284,40.120255,-572.0132,17.0,0.0,0.0,5871.0,0.0,0.0
-164.23509,40.20973,-572.2656,17.0,0.0,0.0,5902.0,0.0,0.0
-164.36218,40.298332,-572.52106,17.0,0.0,0.0,5934.0,0.0,0.0
-164.48927,40.386932,-572.7764,17.0,0.0,0.0,5965.0,0.0,0.0
-164.61636,40.475533,-573.0318,17.0,0.0,0.0,5997.0,0.0,0.0
-164.61636,40.475533,-573.0318,17.0,0.0,0.0,6028.0,0.0,0.0
-164.7417,40.57024,-573.28375,17.0,0.0,0.0,6060.0,0.0,0.0
-164.86334,40.6643,-573.5398,17.0,0.0,0.0,6092.0,0.0,0.0
-164.98207,40.757565,-573.79755,17.0,0.0,0.0,6123.0,0.0,0.0
-164.98207,40.757565,-573.79755,17.0,0.0,0.0,6155.0,0.0,0.0
-165.09937,40.8504,-574.0561,17.0,0.0,0.0,6187.0,0.0,0.0
-165.21669,40.943127,-574.31464,17.0,0.0,0.0,6218.0,0.0,0.0
-165.33403,41.035797,-574.5733,17.0,0.0,0.0,6250.0,0.0,0.0
-165.45062,41.1283,-574.8322,17.0,0.0,0.0,6281.0,0.0,0.0
-165.45062,41.1283,-574.8322,17.0,0.0,0.0,6313.0,0.0,0.0
-165.56723,41.220776,-575.09125,17.0,0.0,0.0,6344.0,0.0,0.0
-165.68234,41.312984,-575.351,17.0,0.0,0.0,6376.0,0.0,0.0
-165.78755,41.415405,-575.6065,17.0,0.0,0.0,6408.0,0.0,0.0
-165.89874,41.518166,-575.86395,17.0,0.0,0.0,6439.0,0.0,0.0
-165.89874,41.518166,-575.86395,17.0,0.0,0.0,6471.0,0.0,0.0
-166.00853,41.620308,-576.12225,17.0,0.0,0.0,6502.0,0.0,0.0
-166.1184,41.72228,-576.3807,17.0,0.0,0.0,6534.0,0.0,0.0
-166.22829,41.824146,-576.63904,17.0,0.0,0.0,6565.0,0.0,0.0
-166.33821,41.925953,-576.89746,17.0,0.0,0.0,6597.0,0.0,0.0
-166.33821,41.925953,-576.89746,17.0,0.0,0.0,6629.0,0.0,0.0
-166.44815,42.027725,-577.1559,17.0,0.0,0.0,6660.0,0.0,0.0
-166.55809,42.129475,-577.4143,17.0,0.0,0.0,6692.0,0.0,0.0
-166.66803,42.23121,-577.6727,17.0,0.0,0.0,6723.0,0.0,0.0
-166.66803,42.23121,-577.6727,17.0,0.0,0.0,6755.0,0.0,0.0
-166.77798,42.33293,-577.93115,17.0,0.0,0.0,6787.0,0.0,0.0
-166.8851,42.442818,-578.1841,17.0,0.0,0.0,6818.0,0.0,0.0
-166.99358,42.55293,-578.4397,17.0,0.0,0.0,6850.0,0.0,0.0
-167.10222,42.662533,-578.69543,17.0,0.0,0.0,6881.0,0.0,0.0
-167.21095,42.771843,-578.95123,17.0,0.0,0.0,6913.0,0.0,0.0
-167.21095,42.771843,-578.95123,17.0,0.0,0.0,6945.0,0.0,0.0
-167.31976,42.88097,-579.20715,17.0,0.0,0.0,6976.0,0.0,0.0
-167.42934,42.990143,-579.4627,17.0,0.0,0.0,7008.0,0.0,0.0
-167.54987,43.101387,-579.71234,17.0,0.0,0.0,7039.0,0.0,0.0
-167.54987,43.101387,-579.71234,17.0,0.0,0.0,7071.0,0.0,0.0
-167.66946,43.210907,-579.964,18.0,0.0,0.0,7102.0,0.0,0.0
-167.79028,43.3205,-580.21423,17.0,0.0,0.0,7134.0,0.0,0.0
-167.90778,43.439373,-580.45624,17.0,0.0,0.0,7166.0,0.0,0.0
-168.02658,43.559628,-580.7025,17.0,0.0,0.0,7197.0,0.0,0.0
-168.14568,43.679596,-580.9489,17.0,0.0,0.0,7229.0,0.0,0.0
-168.14568,43.679596,-580.9489,17.0,0.0,0.0,7261.0,0.0,0.0
-168.26634,43.798016,-581.19574,17.0,0.0,0.0,7292.0,0.0,0.0
-168.38554,43.916595,-581.4426,17.0,0.0,0.0,7324.0,0.0,0.0
-168.38554,43.916595,-581.4426,17.0,0.0,0.0,7355.0,0.0,0.0
-168.50476,44.035183,-581.6896,17.0,0.0,0.0,7387.0,0.0,0.0
-168.6204,44.153145,-581.9385,17.0,0.0,0.0,7418.0,0.0,0.0
-168.73532,44.27098,-582.18774,17.0,0.0,0.0,7450.0,0.0,0.0
-168.84663,44.38817,-582.43896,17.0,0.0,0.0,7482.0,0.0,0.0
-168.95795,44.505356,-582.6902,17.0,0.0,0.0,7513.0,0.0,0.0
-168.95795,44.505356,-582.6902,17.0,0.0,0.0,7545.0,0.0,0.0
-169.06241,44.642223,-582.9217,17.0,0.0,0.0,7576.0,0.0,0.0
-169.16904,44.78186,-583.1633,17.0,0.0,0.0,7608.0,0.0,0.0
-169.27603,44.920506,-583.4053,17.0,0.0,0.0,7640.0,0.0,0.0
-169.27603,44.920506,-583.4053,17.0,0.0,0.0,7671.0,0.0,0.0
-169.3825,45.05846,-583.6479,17.0,0.0,0.0,7703.0,0.0,0.0
-169.48843,45.19596,-583.891,17.0,0.0,0.0,7735.0,0.0,0.0
-169.59442,45.333244,-584.13416,17.0,0.0,0.0,7766.0,0.0,0.0
-169.69669,45.465824,-584.38464,18.0,0.0,0.0,7798.0,0.0,0.0
-169.80234,45.590446,-584.6374,18.0,0.0,0.0,7830.0,0.0,0.0
-169.80234,45.590446,-584.6374,18.0,0.0,0.0,7861.0,0.0,0.0
-169.9101,45.718987,-584.8846,17.0,0.0,0.0,7893.0,0.0,0.0
-170.01787,45.847523,-585.1317,17.0,0.0,0.0,7924.0,0.0,0.0
-170.01787,45.847523,-585.1317,17.0,0.0,0.0,7956.0,0.0,0.0
-170.11815,45.99371,-585.3588,17.0,0.0,0.0,7987.0,0.0,0.0
-170.22104,46.143166,-585.5961,17.0,0.0,0.0,8019.0,0.0,0.0
-170.32436,46.291637,-585.83386,17.0,0.0,0.0,8051.0,0.0,0.0
-170.4279,46.43952,-586.07184,17.0,0.0,0.0,8082.0,0.0,0.0
-170.53162,46.58706,-586.30994,17.0,0.0,0.0,8114.0,0.0,0.0
-170.53162,46.58706,-586.30994,17.0,0.0,0.0,8145.0,0.0,0.0
-170.64078,46.731915,-586.5492,18.0,0.0,0.0,8178.0,0.0,0.0
-170.74525,46.876537,-586.78876,18.0,0.0,0.0,8210.0,0.0,0.0
-170.84972,47.021156,-587.0283,17.0,0.0,0.0,8243.0,0.0,0.0
-170.84972,47.021156,-587.0283,17.0,0.0,0.0,8275.0,0.0,0.0
-170.95418,47.16578,-587.2679,17.0,0.0,0.0,8308.0,0.0,0.0
-171.05864,47.3104,-587.50745,17.0,0.0,0.0,8340.0,0.0,0.0
-171.15327,47.479984,-587.70575,16.0,0.0,0.0,8372.0,0.0,0.0
-171.24854,47.65855,-587.92554,17.0,0.0,0.0,8404.0,0.0,0.0
-171.34448,47.8354,-588.1463,17.0,0.0,0.0,8437.0,0.0,0.0
-171.34448,47.8354,-588.1463,17.0,0.0,0.0,8469.0,0.0,0.0
-171.44084,48.01121,-588.3678,17.0,0.0,0.0,8502.0,0.0,0.0
-171.52768,48.180157,-588.60565,18.0,0.0,0.0,8534.0,0.0,0.0
-171.61899,48.33315,-588.85455,18.0,0.0,0.0,8567.0,0.0,0.0
-171.71992,48.49268,-589.08606,18.0,0.0,0.0,8599.0,0.0,0.0
-171.82086,48.65221,-589.3175,17.0,0.0,0.0,8631.0,0.0,0.0
-171.82086,48.65221,-589.3175,17.0,0.0,0.0,8664.0,0.0,0.0
-171.92178,48.811745,-589.549,17.0,0.0,0.0,8696.0,0.0,0.0
-172.02272,48.971275,-589.78046,17.0,0.0,0.0,8729.0,0.0,0.0
-172.02272,48.971275,-589.78046,16.0,0.0,0.0,8762.0,0.0,0.0
-172.12364,49.130806,-590.01196,16.0,0.0,0.0,8794.0,0.0,0.0
-172.21283,49.311268,-590.2048,15.0,0.0,0.0,8827.0,0.0,0.0
-172.30426,49.499844,-590.4177,16.0,0.0,0.0,8859.0,0.0,0.0
-172.39676,49.686516,-590.6318,16.0,0.0,0.0,8892.0,0.0,0.0
-172.4899,49.872047,-590.8465,16.0,0.0,0.0,8924.0,0.0,0.0
-172.4899,49.872047,-590.8465,16.0,0.0,0.0,8957.0,0.0,0.0
-172.58344,50.05689,-591.0617,17.0,0.0,0.0,8989.0,0.0,0.0
-172.67293,50.240467,-591.2797,17.0,0.0,0.0,9021.0,0.0,0.0
-172.7564,50.422478,-591.50134,16.0,0.0,0.0,9054.0,0.0,0.0
-172.82405,50.600506,-591.7315,16.0,0.0,0.0,9087.0,0.0,0.0
-172.87988,50.77519,-591.9673,16.0,0.0,0.0,9120.0,0.0,0.0
-172.92964,50.942036,-592.21,16.0,0.0,0.0,9153.0,0.0,0.0
-172.92964,50.942036,-592.21,16.0,0.0,0.0,9185.0,0.0,0.0
-172.97215,51.098484,-592.4715,16.0,0.0,0.0,9217.0,0.0,0.0
-173.01012,51.189304,-592.77716,17.0,0.0,0.0,9250.0,0.0,0.0
-173.00784,51.297886,-593.0554,17.0,0.0,0.0,9282.0,0.0,0.0
-172.97807,51.40005,-593.33453,17.0,0.0,0.0,9315.0,0.0,0.0
-172.97807,51.40005,-593.33453,17.0,0.0,0.0,9347.0,0.0,0.0
-172.92644,51.496426,-593.6125,16.0,0.0,0.0,9379.0,0.0,0.0
-172.96136,51.612896,-593.8854,16.0,0.0,0.0,9412.0,0.0,0.0
-172.94313,51.716503,-594.1644,16.0,0.0,0.0,9444.0,0.0,0.0
-172.94313,51.716503,-594.1644,17.0,0.0,0.0,9477.0,0.0,0.0
-172.8307,51.78815,-594.43274,18.0,0.0,0.0,9509.0,0.0,0.0
-172.6866,51.78824,-594.70026,18.0,0.0,0.0,9541.0,0.0,0.0
-172.50894,51.755733,-594.93823,16.0,0.0,0.0,9574.0,0.0,0.0
-172.32544,51.716976,-595.17065,16.0,0.0,0.0,9607.0,0.0,0.0
-172.14037,51.519722,-595.40515,19.0,0.0,0.0,9639.0,0.0,0.0
-172.14037,51.519722,-595.40515,19.0,0.0,0.0,9672.0,0.0,0.0
-171.96529,51.42297,-595.62695,16.0,0.0,0.0,9704.0,0.0,0.0
-171.79019,51.326214,-595.84875,16.0,0.0,0.0,9737.0,0.0,0.0
-171.61511,51.22946,-596.07056,16.0,0.0,0.0,9769.0,0.0,0.0
-171.44453,51.136803,-596.29755,16.0,0.0,0.0,9802.0,0.0,0.0
-171.2499,51.099243,-596.51666,16.0,0.0,0.0,9834.0,0.0,0.0
-171.2499,51.099243,-596.51666,17.0,0.0,0.0,9867.0,0.0,0.0
-170.99658,50.99897,-596.6399,17.0,0.0,0.0,9899.0,0.0,0.0
-170.74829,50.89757,-596.7716,16.0,0.0,0.0,9932.0,0.0,0.0
-170.5063,50.792473,-596.91174,16.0,0.0,0.0,9964.0,0.0,0.0
-170.5063,50.792473,-596.91174,16.0,0.0,0.0,9996.0,0.0,0.0
-170.26796,50.692276,-597.0613,17.0,0.0,0.0,10029.0,0.0,0.0
-170.0296,50.592083,-597.2109,17.0,0.0,0.0,10061.0,0.0,0.0
-169.76285,50.350227,-597.3665,23.0,0.0,0.0,10094.0,0.0,0.0
-169.54517,50.19798,-597.5031,23.0,0.0,0.0,10126.0,0.0,0.0
-169.54517,50.19798,-597.5031,17.0,0.0,0.0,10158.0,0.0,0.0
-169.31075,50.01657,-597.64526,19.0,0.0,0.0,10191.0,0.0,0.0
-169.06248,49.83995,-597.79364,20.0,0.0,0.0,10223.0,0.0,0.0
-168.80305,49.655342,-597.9485,21.0,0.0,0.0,10255.0,0.0,0.0
-168.53212,49.462387,-598.1093,22.0,0.0,0.0,10288.0,0.0,0.0
-168.25005,49.29062,-598.2766,22.0,0.0,0.0,10320.0,0.0,0.0
-167.95702,49.131138,-598.45074,22.0,0.0,0.0,10352.0,0.0,0.0
-167.95702,49.131138,-598.45074,22.0,0.0,0.0,10385.0,0.0,0.0
-167.65417,48.9662,-598.6303,21.0,0.0,0.0,10418.0,0.0,0.0
-167.34065,48.798153,-598.8164,21.0,0.0,0.0,10450.0,0.0,0.0
-167.34065,48.798153,-598.8164,21.0,0.0,0.0,10483.0,0.0,0.0
-166.6817,48.392845,-599.2088,26.0,0.0,0.0,10515.0,0.0,0.0
-166.33615,48.1766,-599.4149,27.0,0.0,0.0,10548.0,0.0,0.0
-166.33615,48.1766,-599.4149,27.0,0.0,0.0,10580.0,0.0,0.0
-165.9797,47.943535,-599.6274,28.0,0.0,0.0,10613.0,0.0,0.0
-165.6127,47.70343,-599.8471,29.0,0.0,0.0,10645.0,0.0,0.0
-165.6127,47.70343,-599.8471,29.0,0.0,0.0,10677.0,0.0,0.0
-165.2354,47.472527,-600.0732,29.0,0.0,0.0,10710.0,0.0,0.0
-164.84793,47.280315,-600.30585,29.0,0.0,0.0,10742.0,0.0,0.0
-164.45164,47.06954,-600.54346,30.0,0.0,0.0,10775.0,0.0,0.0
-164.04778,46.864594,-600.7874,30.0,0.0,0.0,10807.0,0.0,0.0
-163.63097,46.67719,-601.03217,31.0,0.0,0.0,10840.0,0.0,0.0
-163.63097,46.67719,-601.03217,31.0,0.0,0.0,10872.0,0.0,0.0
-163.19458,46.47841,-601.26166,31.0,0.0,0.0,10904.0,0.0,0.0
-162.74202,46.265327,-601.4779,32.0,0.0,0.0,10937.0,0.0,0.0
-162.27061,46.050407,-601.672,33.0,0.0,0.0,10969.0,0.0,0.0
-161.77734,45.82188,-601.8248,33.0,0.0,0.0,11001.0,0.0,0.0
-161.26707,45.56803,-601.93427,34.0,0.0,0.0,11034.0,0.0,0.0
-161.26707,45.56803,-601.93427,34.0,0.0,0.0,11067.0,0.0,0.0
-160.74371,45.312313,-602.0051,35.0,0.0,0.0,11099.0,0.0,0.0
-160.21156,45.122166,-602.0593,32.0,0.0,0.0,11132.0,0.0,0.0
-159.67386,44.923103,-602.0945,31.0,0.0,0.0,11164.0,0.0,0.0
-159.67386,44.923103,-602.0945,31.0,0.0,0.0,11196.0,0.0,0.0
-159.12988,44.713356,-602.10077,35.0,0.0,0.0,11228.0,0.0,0.0
-158.58136,44.494846,-602.08264,35.0,0.0,0.0,11261.0,0.0,0.0
-158.02928,44.32102,-602.0443,34.0,0.0,0.0,11293.0,0.0,0.0
-157.4729,44.155655,-602.003,35.0,0.0,0.0,11326.0,0.0,0.0
-156.91396,43.989223,-601.9604,35.0,0.0,0.0,11358.0,0.0,0.0
-156.91396,43.989223,-601.9604,35.0,0.0,0.0,11391.0,0.0,0.0
-156.35143,43.82173,-601.91754,35.0,0.0,0.0,11423.0,0.0,0.0
-155.78552,43.6726,-601.8752,35.0,0.0,0.0,11455.0,0.0,0.0
-155.21637,43.545223,-601.8357,35.0,0.0,0.0,11488.0,0.0,0.0
-154.64516,43.41784,-601.7996,32.0,0.0,0.0,11521.0,0.0,0.0
-154.07117,43.290928,-601.76746,32.0,0.0,0.0,11553.0,0.0,0.0
-154.07117,43.290928,-601.76746,32.0,0.0,0.0,11585.0,0.0,0.0
-153.49467,43.169434,-601.73816,35.0,0.0,0.0,11618.0,0.0,0.0
-152.91588,43.069767,-601.71063,35.0,0.0,0.0,11650.0,0.0,0.0
-152.3356,42.970997,-601.68365,35.0,0.0,0.0,11682.0,0.0,0.0
-151.75348,42.871902,-601.65656,35.0,0.0,0.0,11715.0,0.0,0.0
-151.16956,42.772865,-601.62946,35.0,0.0,0.0,11747.0,0.0,0.0
-151.16956,42.772865,-601.62946,35.0,0.0,0.0,11779.0,0.0,0.0
-150.58397,42.68893,-601.60223,35.0,0.0,0.0,11812.0,0.0,0.0
-149.99683,42.60969,-601.57495,35.0,0.0,0.0,11844.0,0.0,0.0
-149.99683,42.60969,-601.57495,35.0,0.0,0.0,11877.0,0.0,0.0
-149.40079,42.52488,-601.5294,36.0,0.0,0.0,11909.0,0.0,0.0
-148.80127,42.437702,-601.47705,36.0,0.0,0.0,11941.0,0.0,0.0
-148.19821,42.35528,-601.41925,33.0,0.0,0.0,11974.0,0.0,0.0
-147.59212,42.277054,-601.35925,33.0,0.0,0.0,12006.0,0.0,0.0
-146.98409,42.203342,-601.2964,33.0,0.0,0.0,12039.0,0.0,0.0
-146.98409,42.203342,-601.2964,37.0,0.0,0.0,12071.0,0.0,0.0
-146.37346,42.130146,-601.236,37.0,0.0,0.0,12104.0,0.0,0.0
-145.76022,42.0545,-601.1748,37.0,0.0,0.0,12136.0,0.0,0.0
-145.1445,41.97736,-601.1101,37.0,0.0,0.0,12168.0,0.0,0.0
-144.52667,41.91349,-601.03864,34.0,0.0,0.0,12201.0,0.0,0.0
-146.0274,42.864517,-600.8416,97.0,0.0,0.0,12233.0,0.0,0.0
-145.40956,43.252197,-600.77014,97.0,0.0,0.0,12265.0,0.0,0.0
-144.83293,43.587048,-600.7049,40.0,0.0,0.0,12298.0,0.0,0.0
-144.29774,43.869064,-600.6456,40.0,0.0,0.0,12330.0,0.0,0.0
-143.80426,44.09825,-600.5923,36.0,0.0,0.0,12362.0,0.0,0.0
-143.80426,44.09825,-600.5923,32.0,0.0,0.0,12395.0,0.0,0.0
-143.35287,44.2746,-600.54486,29.0,0.0,0.0,12427.0,0.0,0.0
-142.94403,44.398125,-600.5033,25.0,0.0,0.0,12460.0,0.0,0.0
-142.57855,44.468815,-600.4677,22.0,0.0,0.0,12492.0,0.0,0.0
-142.25792,44.48667,-600.43823,22.0,0.0,0.0,12524.0,0.0,0.0
-141.95923,44.451694,-600.41174,19.0,0.0,0.0,12557.0,0.0,0.0
-141.95923,44.451694,-600.41174,18.0,0.0,0.0,12589.0,0.0,0.0
-141.66164,44.363888,-600.3854,18.0,0.0,0.0,12622.0,0.0,0.0
-141.36406,44.223248,-600.35925,19.0,0.0,0.0,12654.0,0.0,0.0
-141.06648,44.029778,-600.3333,21.0,0.0,0.0,12686.0,0.0,0.0
-140.76889,43.783474,-600.3074,23.0,0.0,0.0,12718.0,0.0,0.0
-140.47144,43.484337,-600.2801,25.0,0.0,0.0,12751.0,0.0,0.0
-140.47144,43.484337,-600.2801,25.0,0.0,0.0,12783.0,0.0,0.0
-140.17412,43.13237,-600.2515,27.0,0.0,0.0,12816.0,0.0,0.0
-139.87703,42.72757,-600.22095,30.0,0.0,0.0,12848.0,0.0,0.0
-139.58012,42.269936,-600.18866,32.0,0.0,0.0,12881.0,0.0,0.0
-139.58012,42.269936,-600.18866,32.0,0.0,0.0,12913.0,0.0,0.0
-139.28337,41.75947,-600.1551,35.0,0.0,0.0,12945.0,0.0,0.0
-138.98419,41.273926,-600.08844,34.0,0.0,0.0,12978.0,0.0,0.0
-138.68954,41.24728,-600.04724,16.0,0.0,0.0,13011.0,0.0,0.0
-138.39449,41.216976,-600.0119,16.0,0.0,0.0,13043.0,0.0,0.0
-138.39449,41.216976,-600.0119,16.0,0.0,0.0,13075.0,0.0,0.0
-138.09729,41.193474,-599.9932,16.0,0.0,0.0,13108.0,0.0,0.0
-137.79965,41.17206,-599.9796,17.0,0.0,0.0,13140.0,0.0,0.0
-137.5019,41.151333,-599.9677,17.0,0.0,0.0,13172.0,0.0,0.0
-137.20416,41.130695,-599.95605,17.0,0.0,0.0,13205.0,0.0,0.0
-136.90662,41.10886,-599.94147,16.0,0.0,0.0,13237.0,0.0,0.0
-136.90662,41.10886,-599.94147,16.0,0.0,0.0,13270.0,0.0,0.0
-136.61034,41.08201,-599.9146,16.0,0.0,0.0,13302.0,0.0,0.0
-136.31467,41.055782,-599.8812,17.0,0.0,0.0,13334.0,0.0,0.0
-136.02686,41.01484,-599.81256,17.0,0.0,0.0,13367.0,0.0,0.0
-135.7682,40.94421,-599.6809,17.0,0.0,0.0,13399.0,0.0,0.0
-135.7682,40.94421,-599.6809,16.0,0.0,0.0,13432.0,0.0,0.0
-135.51068,40.86856,-599.5107,17.0,0.0,0.0,13464.0,0.0,0.0
-135.23856,40.742474,-599.326,19.0,0.0,0.0,13496.0,0.0,0.0
-134.9492,40.624866,-599.1027,23.0,0.0,0.0,13529.0,0.0,0.0
-134.66165,40.537,-598.8779,23.0,0.0,0.0,13561.0,0.0,0.0
-134.66165,40.537,-598.8779,22.0,0.0,0.0,13594.0,0.0,0.0
-134.40945,40.412323,-598.6131,23.0,0.0,0.0,13626.0,0.0,0.0
-134.19412,40.286858,-598.30994,23.0,0.0,0.0,13659.0,0.0,0.0
-134.01733,40.1484,-597.9682,22.0,0.0,0.0,13691.0,0.0,0.0
-133.86537,39.999466,-597.59607,23.0,0.0,0.0,13724.0,0.0,0.0
-133.70778,39.843807,-597.207,24.0,0.0,0.0,13756.0,0.0,0.0
-133.70778,39.843807,-597.207,24.0,0.0,0.0,13789.0,0.0,0.0
-133.54398,39.681496,-596.8011,28.0,0.0,0.0,13821.0,0.0,0.0
-133.37344,39.527924,-596.3787,28.0,0.0,0.0,13853.0,0.0,0.0
-133.19621,39.375515,-595.9398,29.0,0.0,0.0,13886.0,0.0,0.0
-133.01218,39.217567,-595.48505,31.0,0.0,0.0,13918.0,0.0,0.0
-132.82541,39.053654,-595.0122,32.0,0.0,0.0,13950.0,0.0,0.0
-132.82541,39.053654,-595.0122,32.0,0.0,0.0,13983.0,0.0,0.0
-132.68549,38.90426,-594.51953,32.0,0.0,0.0,14015.0,0.0,0.0
-132.59471,38.75764,-594.01526,32.0,0.0,0.0,14047.0,0.0,0.0
-132.59471,38.75764,-594.01526,32.0,0.0,0.0,14079.0,0.0,0.0
-132.55467,38.612793,-593.50446,32.0,0.0,0.0,14111.0,0.0,0.0
-132.56601,38.474407,-592.99176,31.0,0.0,0.0,14143.0,0.0,0.0
-132.62816,38.343952,-592.48413,31.0,0.0,0.0,14174.0,0.0,0.0
-132.69397,38.22601,-591.9771,31.0,0.0,0.0,14206.0,0.0,0.0
-132.76147,38.109215,-591.47076,31.0,0.0,0.0,14238.0,0.0,0.0
-132.76147,38.109215,-591.47076,31.0,0.0,0.0,14269.0,0.0,0.0
-132.83817,37.99486,-590.9657,31.0,0.0,0.0,14301.0,0.0,0.0
-132.92976,37.883854,-590.46313,31.0,0.0,0.0,14333.0,0.0,0.0
-133.0365,37.777046,-589.96375,31.0,0.0,0.0,14364.0,0.0,0.0
-133.0365,37.777046,-589.96375,31.0,0.0,0.0,14396.0,0.0,0.0
-133.16168,37.68019,-589.4687,31.0,0.0,0.0,14428.0,0.0,0.0
-133.2954,37.585033,-588.9761,31.0,0.0,0.0,14460.0,0.0,0.0
-133.47858,37.498096,-588.4998,31.0,0.0,0.0,14491.0,0.0,0.0
-133.70955,37.419807,-588.0449,31.0,0.0,0.0,14523.0,0.0,0.0
-133.98618,37.35135,-587.61615,31.0,0.0,0.0,14555.0,0.0,0.0
-133.98618,37.35135,-587.61615,30.0,0.0,0.0,14586.0,0.0,0.0
-134.30576,37.30129,-587.21814,30.0,0.0,0.0,14618.0,0.0,0.0
-134.60172,37.24751,-586.80347,30.0,0.0,0.0,14650.0,0.0,0.0
-134.85321,37.18341,-586.36017,30.0,0.0,0.0,14681.0,0.0,0.0
-134.85321,37.18341,-586.36017,30.0,0.0,0.0,14713.0,0.0,0.0
-135.05785,37.108795,-585.89294,31.0,0.0,0.0,14745.0,0.0,0.0
-135.21349,37.024097,-585.4069,31.0,0.0,0.0,14776.0,0.0,0.0
-135.35127,36.94003,-584.91565,31.0,0.0,0.0,14808.0,0.0,0.0
-135.48906,36.858425,-584.42444,31.0,0.0,0.0,14840.0,0.0,0.0
-135.48906,36.858425,-584.42444,31.0,0.0,0.0,14871.0,0.0,0.0
-135.62685,36.775185,-583.93335,31.0,0.0,0.0,14903.0,0.0,0.0
-135.71365,36.68351,-583.4305,31.0,0.0,0.0,14935.0,0.0,0.0
-135.74872,36.585655,-582.921,31.0,0.0,0.0,14967.0,0.0,0.0
-135.73163,36.486343,-582.41016,31.0,0.0,0.0,14998.0,0.0,0.0
-135.73163,36.486343,-582.41016,31.0,0.0,0.0,15030.0,0.0,0.0
-135.66249,36.384514,-581.90314,31.0,0.0,0.0,15062.0,0.0,0.0
-135.54182,36.27832,-581.4053,31.0,0.0,0.0,15094.0,0.0,0.0
-135.37071,36.170223,-580.9217,31.0,0.0,0.0,15125.0,0.0,0.0
-135.15239,36.061916,-580.4593,31.0,0.0,0.0,15157.0,0.0,0.0
-135.15239,36.061916,-580.4593,31.0,0.0,0.0,15189.0,0.0,0.0
-134.96646,35.955864,-579.98364,31.0,0.0,0.0,15221.0,0.0,0.0
-134.8297,35.851925,-579.4916,31.0,0.0,0.0,15252.0,0.0,0.0
-134.74365,35.75044,-578.98804,31.0,0.0,0.0,15284.0,0.0,0.0
-134.70937,35.65242,-578.4781,31.0,0.0,0.0,15315.0,0.0,0.0
-134.70937,35.65242,-578.4781,31.0,0.0,0.0,15347.0,0.0,0.0
-134.72742,35.558357,-577.967,31.0,0.0,0.0,15379.0,0.0,0.0
-134.79791,35.468853,-577.46,31.0,0.0,0.0,15410.0,0.0,0.0
-134.91965,35.385815,-576.9639,31.0,0.0,0.0,15442.0,0.0,0.0
-134.91965,35.385815,-576.9639,31.0,0.0,0.0,15474.0,0.0,0.0
-135.08359,35.30905,-576.4811,31.0,0.0,0.0,15505.0,0.0,0.0
-135.25641,35.234013,-576.0014,30.0,0.0,0.0,15537.0,0.0,0.0
-135.43672,35.16021,-575.5245,30.0,0.0,0.0,15569.0,0.0,0.0
-135.63359,35.086082,-575.05426,30.0,0.0,0.0,15600.0,0.0,0.0
-135.84001,35.013058,-574.58813,30.0,0.0,0.0,15632.0,0.0,0.0
-135.84001,35.013058,-574.58813,30.0,0.0,0.0,15664.0,0.0,0.0
-136.05258,34.94116,-574.1248,30.0,0.0,0.0,15695.0,0.0,0.0
-136.26636,34.86948,-573.662,30.0,0.0,0.0,15727.0,0.0,0.0
-136.47899,34.810585,-573.19666,30.0,0.0,0.0,15759.0,0.0,0.0
-136.47899,34.810585,-573.19666,30.0,0.0,0.0,15790.0,0.0,0.0
-136.69315,35.303707,-572.73395,42.0,0.0,0.0,15822.0,0.0,0.0
-136.90848,35.762093,-572.27374,41.0,0.0,0.0,31.0,0.0,0.0
-137.12386,36.168556,-571.81366,39.0,0.0,0.0,63.0,0.0,0.0
-137.33925,36.522232,-571.3536,39.0,0.0,0.0,94.0,0.0,0.0
-137.33925,36.522232,-571.3536,37.0,0.0,0.0,126.0,0.0,0.0
-137.55464,36.82308,-570.8935,35.0,0.0,0.0,158.0,0.0,0.0
-137.77003,37.07109,-570.4334,35.0,0.0,0.0,189.0,0.0,0.0
-137.98541,37.26627,-569.9733,34.0,0.0,0.0,221.0,0.0,0.0
-137.98541,37.26627,-569.9733,32.0,0.0,0.0,252.0,0.0,0.0
-138.2008,37.40862,-569.51324,31.0,0.0,0.0,284.0,0.0,0.0
-138.4162,37.498135,-569.05316,31.0,0.0,0.0,316.0,0.0,0.0
-138.63159,37.534817,-568.5931,30.0,0.0,0.0,348.0,0.0,0.0
-138.84717,37.51867,-568.1327,30.0,0.0,0.0,380.0,0.0,0.0
-139.06302,37.44969,-567.6717,28.0,0.0,0.0,412.0,0.0,0.0
-139.06302,37.44969,-567.6717,28.0,0.0,0.0,444.0,0.0,0.0
-139.27972,37.327877,-567.20935,28.0,0.0,0.0,475.0,0.0,0.0
-139.49733,37.153233,-566.74554,32.0,0.0,0.0,507.0,0.0,0.0
-139.71628,36.92576,-566.2798,33.0,0.0,0.0,539.0,0.0,0.0
-139.71628,36.92576,-566.2798,33.0,0.0,0.0,571.0,0.0,0.0
-139.9445,36.64545,-565.81494,35.0,0.0,0.0,602.0,0.0,0.0
-140.18858,36.31231,-565.358,37.0,0.0,0.0,634.0,0.0,0.0
-140.44862,35.926334,-564.91,38.0,0.0,0.0,665.0,0.0,0.0
-140.7049,35.48753,-564.469,40.0,0.0,0.0,697.0,0.0,0.0
-140.7049,35.48753,-564.469,40.0,0.0,0.0,729.0,0.0,0.0
-140.96042,34.995895,-564.02936,42.0,0.0,0.0,760.0,0.0,0.0
-141.21794,34.451424,-563.58466,45.0,0.0,0.0,792.0,0.0,0.0
-141.44392,33.854122,-563.1188,47.0,0.0,0.0,824.0,0.0,0.0
-141.44392,33.854122,-563.1188,47.0,0.0,0.0,855.0,0.0,0.0
-141.61429,33.20399,-562.6297,49.0,0.0,0.0,887.0,0.0,0.0
-141.64386,33.05059,-562.0109,38.0,0.0,0.0,919.0,0.0,0.0
-141.69774,33.275,-561.7599,20.0,0.0,0.0,950.0,0.0,0.0
-141.79501,33.419525,-561.3131,28.0,0.0,0.0,982.0,0.0,0.0
-141.94351,33.537674,-560.875,28.0,0.0,0.0,1013.0,0.0,0.0
-141.94351,33.537674,-560.875,28.0,0.0,0.0,1045.0,0.0,0.0
-142.14587,33.496796,-560.4222,29.0,0.0,0.0,1077.0,0.0,0.0
-142.38248,33.36597,-559.97363,31.0,0.0,0.0,1109.0,0.0,0.0
-142.6663,33.378403,-559.5473,31.0,0.0,0.0,1140.0,0.0,0.0
-142.6663,33.378403,-559.5473,30.0,0.0,0.0,1172.0,0.0,0.0
-142.99307,33.39086,-559.15173,30.0,0.0,0.0,1203.0,0.0,0.0
-143.3539,33.0054,-558.79144,38.0,0.0,0.0,1235.0,0.0,0.0
-143.71521,32.619102,-558.4161,39.0,0.0,0.0,1266.0,0.0,0.0
-144.1261,32.593906,-558.1005,39.0,0.0,0.0,1298.0,0.0,0.0
-144.56561,32.618668,-557.8299,31.0,0.0,0.0,1329.0,0.0,0.0
-144.56561,32.618668,-557.8299,31.0,0.0,0.0,1361.0,0.0,0.0
-145.03143,32.655758,-557.6118,31.0,0.0,0.0,1393.0,0.0,0.0
-145.51698,32.70255,-557.4495,31.0,0.0,0.0,1424.0,0.0,0.0
-145.51698,32.70255,-557.4495,30.0,0.0,0.0,1456.0,0.0,0.0
-146.0173,32.75478,-557.34564,30.0,0.0,0.0,1488.0,0.0,0.0
-146.52368,32.825695,-557.3007,30.0,0.0,0.0,1519.0,0.0,0.0
-147.02359,32.914474,-557.3129,30.0,0.0,0.0,1551.0,0.0,0.0
-147.51442,33.01187,-557.3846,30.0,0.0,0.0,1583.0,0.0,0.0
-147.98967,33.114597,-557.51483,30.0,0.0,0.0,1614.0,0.0,0.0
-147.98967,33.114597,-557.51483,30.0,0.0,0.0,1646.0,0.0,0.0
-148.44499,33.221115,-557.7006,30.0,0.0,0.0,1677.0,0.0,0.0
-148.87167,33.33816,-557.93994,30.0,0.0,0.0,1709.0,0.0,0.0
-149.25696,33.4663,-558.22723,30.0,0.0,0.0,1740.0,0.0,0.0
-149.25696,33.4663,-558.22723,29.0,0.0,0.0,1772.0,0.0,0.0
-149.60156,33.603806,-558.56104,30.0,0.0,0.0,1803.0,0.0,0.0
-149.89816,33.74669,-558.92694,29.0,0.0,0.0,1835.0,0.0,0.0
-150.14514,33.8883,-559.3284,29.0,0.0,0.0,1867.0,0.0,0.0
-150.33893,34.02676,-559.7604,29.0,0.0,0.0,1898.0,0.0,0.0
-150.33893,34.02676,-559.7604,29.0,0.0,0.0,1930.0,0.0,0.0
-150.47678,34.158947,-560.2166,29.0,0.0,0.0,1962.0,0.0,0.0
-150.55603,34.280678,-560.6934,29.0,0.0,0.0,1993.0,0.0,0.0
-150.58519,34.40192,-561.17566,29.0,0.0,0.0,2025.0,0.0,0.0
-150.58519,34.40192,-561.17566,29.0,0.0,0.0,2056.0,0.0,0.0
-150.56262,34.51435,-561.6533,29.0,0.0,0.0,2088.0,0.0,0.0
-150.5242,34.623512,-562.13104,29.0,0.0,0.0,2119.0,0.0,0.0
-150.48628,34.732506,-562.6087,29.0,0.0,0.0,2151.0,0.0,0.0
-150.44644,34.85056,-563.0842,29.0,0.0,0.0,2182.0,0.0,0.0
-150.43127,35.35229,-563.591,42.0,0.0,0.0,2214.0,0.0,0.0
-150.43127,35.35229,-563.591,42.0,0.0,0.0,2246.0,0.0,0.0
-150.43903,35.81111,-564.10846,41.0,0.0,0.0,2277.0,0.0,0.0
-150.50612,36.217598,-564.62195,41.0,0.0,0.0,2309.0,0.0,0.0
-150.63345,36.57127,-565.1239,39.0,0.0,0.0,2340.0,0.0,0.0
-150.63345,36.57127,-565.1239,37.0,0.0,0.0,2372.0,0.0,0.0
-150.81932,36.872116,-565.60724,36.0,0.0,0.0,2403.0,0.0,0.0
-151.0611,37.12013,-566.0652,34.0,0.0,0.0,2435.0,0.0,0.0
-151.33052,37.315308,-566.5076,33.0,0.0,0.0,2467.0,0.0,0.0
-151.61046,37.457657,-566.94354,33.0,0.0,0.0,2498.0,0.0,0.0
-151.61046,37.457657,-566.94354,32.0,0.0,0.0,2530.0,0.0,0.0
-151.90387,37.547173,-567.3705,31.0,0.0,0.0,2561.0,0.0,0.0
-152.20636,37.583855,-567.7911,31.0,0.0,0.0,2593.0,0.0,0.0
-152.51782,37.567707,-568.2051,31.0,0.0,0.0,2625.0,0.0,0.0
-152.51782,37.567707,-568.2051,31.0,0.0,0.0,2656.0,0.0,0.0
-152.8524,37.49873,-568.6005,31.0,0.0,0.0,2688.0,0.0,0.0
-153.20844,37.376915,-568.9768,32.0,0.0,0.0,2720.0,0.0,0.0
-153.59813,37.202274,-569.318,32.0,0.0,0.0,2751.0,0.0,0.0
-153.9684,37.162148,-569.5922,32.0,0.0,0.0,2783.0,0.0,0.0
-154.36523,37.2713,-569.8525,29.0,0.0,0.0,2815.0,0.0,0.0
-154.36523,37.2713,-569.8525,29.0,0.0,0.0,2846.0,0.0,0.0
-154.7864,37.410397,-570.06573,29.0,0.0,0.0,2878.0,0.0,0.0
-155.22987,37.544685,-570.2325,29.0,0.0,0.0,2909.0,0.0,0.0
-155.68811,37.672123,-570.351,29.0,0.0,0.0,2941.0,0.0,0.0
-155.68811,37.672123,-570.351,29.0,0.0,0.0,2972.0,0.0,0.0
-156.15872,37.7931,-570.42065,29.0,0.0,0.0,3004.0,0.0,0.0
-156.63666,37.90627,-570.44086,29.0,0.0,0.0,3036.0,0.0,0.0
-157.11174,38.032005,-570.4585,29.0,0.0,0.0,3067.0,0.0,0.0
-157.61574,38.534153,-570.452,42.0,0.0,0.0,3099.0,0.0,0.0
-157.61574,38.534153,-570.452,42.0,0.0,0.0,3130.0,0.0,0.0
-158.12407,38.992996,-570.44684,41.0,0.0,0.0,3162.0,0.0,0.0
-158.63266,39.39948,-570.44165,39.0,0.0,0.0,3193.0,0.0,0.0
-159.14111,39.753155,-570.43646,39.0,0.0,0.0,3225.0,0.0,0.0
-159.14111,39.753155,-570.43646,37.0,0.0,0.0,3257.0,0.0,0.0
-159.64911,40.054,-570.4314,35.0,0.0,0.0,3288.0,0.0,0.0
-160.15756,40.302013,-570.4263,34.0,0.0,0.0,3320.0,0.0,0.0
-160.66928,40.497192,-570.4215,32.0,0.0,0.0,3351.0,0.0,0.0
-161.18614,40.63954,-570.41766,32.0,0.0,0.0,3383.0,0.0,0.0
-161.70326,40.729057,-570.44684,32.0,0.0,0.0,3415.0,0.0,0.0
-161.70326,40.729057,-570.44684,31.0,0.0,0.0,3446.0,0.0,0.0
-162.21352,40.76574,-570.53534,31.0,0.0,0.0,3478.0,0.0,0.0
-162.71315,40.74959,-570.6718,31.0,0.0,0.0,3510.0,0.0,0.0
-162.71315,40.74959,-570.6718,31.0,0.0,0.0,3541.0,0.0,0.0
-163.1933,40.680614,-570.8658,31.0,0.0,0.0,3573.0,0.0,0.0
-163.6471,40.5588,-571.1153,32.0,0.0,0.0,3605.0,0.0,0.0
-164.0723,40.384155,-571.41095,32.0,0.0,0.0,3636.0,0.0,0.0
-164.46584,40.15668,-571.7477,34.0,0.0,0.0,3668.0,0.0,0.0
-164.7284,40.268772,-572.02515,34.0,0.0,0.0,3699.0,0.0,0.0
-165.03105,40.404724,-572.3761,29.0,0.0,0.0,3731.0,0.0,0.0
-165.03105,40.404724,-572.3761,29.0,0.0,0.0,3763.0,0.0,0.0
-165.27946,40.575584,-572.75446,29.0,0.0,0.0,3794.0,0.0,0.0
-165.48366,40.73795,-573.1523,29.0,0.0,0.0,3826.0,0.0,0.0
-165.48366,40.73795,-573.1523,28.0,0.0,0.0,3858.0,0.0,0.0
-165.64331,40.888767,-573.57635,28.0,0.0,0.0,3889.0,0.0,0.0
-165.75908,41.02928,-574.02045,28.0,0.0,0.0,3921.0,0.0,0.0
-165.86594,41.16763,-574.46826,28.0,0.0,0.0,3952.0,0.0,0.0
-165.97205,41.307087,-574.9164,28.0,0.0,0.0,3984.0,0.0,0.0
-166.0751,41.454216,-575.3586,28.0,0.0,0.0,4016.0,0.0,0.0
-166.0751,41.454216,-575.3586,28.0,0.0,0.0,4047.0,0.0,0.0
-166.17818,41.601273,-575.80054,28.0,0.0,0.0,4079.0,0.0,0.0
-166.28125,41.74833,-576.24243,28.0,0.0,0.0,4111.0,0.0,0.0
-166.38432,41.89378,-576.6843,28.0,0.0,0.0,4142.0,0.0,0.0
-166.38432,41.89378,-576.6843,28.0,0.0,0.0,4174.0,0.0,0.0
-166.48892,42.03906,-577.12714,28.0,0.0,0.0,4206.0,0.0,0.0
-166.5943,42.192997,-577.56964,28.0,0.0,0.0,4237.0,0.0,0.0
-166.69878,42.349735,-578.0033,28.0,0.0,0.0,4269.0,0.0,0.0
-166.80846,42.50755,-578.43427,28.0,0.0,0.0,4300.0,0.0,0.0
-166.80846,42.50755,-578.43427,28.0,0.0,0.0,4332.0,0.0,0.0
-166.92638,42.66717,-578.8616,28.0,0.0,0.0,4364.0,0.0,0.0
-167.04839,42.827694,-579.287,28.0,0.0,0.0,4395.0,0.0,0.0
-167.17343,42.988617,-579.7109,28.0,0.0,0.0,4427.0,0.0,0.0
-167.3001,43.16485,-580.1368,28.0,0.0,0.0,4458.0,0.0,0.0
-167.3001,43.16485,-580.1368,28.0,0.0,0.0,4490.0,0.0,0.0
-167.42722,43.337772,-580.5489,27.0,0.0,0.0,4522.0,0.0,0.0
-167.55612,43.510895,-580.95966,27.0,0.0,0.0,4554.0,0.0,0.0
-167.68529,43.68407,-581.37024,27.0,0.0,0.0,4585.0,0.0,0.0
-167.81445,43.857243,-581.7809,27.0,0.0,0.0,4617.0,0.0,0.0
-167.81445,43.857243,-581.7809,27.0,0.0,0.0,4648.0,0.0,0.0
-167.93068,44.042088,-582.1722,26.0,0.0,0.0,4680.0,0.0,0.0
-168.04677,44.234673,-582.5634,27.0,0.0,0.0,4711.0,0.0,0.0
-168.16267,44.427097,-582.9544,27.0,0.0,0.0,4743.0,0.0,0.0
-168.27852,44.614445,-583.3449,27.0,0.0,0.0,4775.0,0.0,0.0
-168.27852,44.614445,-583.3449,26.0,0.0,0.0,4807.0,0.0,0.0
-168.38991,44.796608,-583.7475,27.0,0.0,0.0,4838.0,0.0,0.0
-168.50078,44.978733,-584.15063,27.0,0.0,0.0,4870.0,0.0,0.0
-168.61436,45.16151,-584.55225,27.0,0.0,0.0,4901.0,0.0,0.0
-168.61436,45.16151,-584.55225,27.0,0.0,0.0,4933.0,0.0,0.0
-168.72362,45.365704,-584.92346,26.0,0.0,0.0,4965.0,0.0,0.0
-168.83334,45.57221,-585.2939,26.0,0.0,0.0,4996.0,0.0,0.0
-168.94351,45.777725,-585.66315,26.0,0.0,0.0,5028.0,0.0,0.0
-169.05319,45.983173,-586.03357,26.0,0.0,0.0,5059.0,0.0,0.0
-169.16283,46.18863,-586.404,26.0,0.0,0.0,5091.0,0.0,0.0
-169.16283,46.18863,-586.404,26.0,0.0,0.0,5122.0,0.0,0.0
-169.27246,46.38502,-586.7744,26.0,0.0,0.0,5154.0,0.0,0.0
-169.37886,46.58538,-587.16614,27.0,0.0,0.0,5186.0,0.0,0.0
